forcing_observation_id,event_id,source_station_id,source_date_yyyymmdd,source_hour_utc,interval_start_utc,interval_end_utc,wind_direction_deg,wind_hourly_mean_0_1_ms,wind_mean_0_1_ms,wind_gust_0_1_ms,air_temperature_0_1_c,min_air_temperature_10cm_0_1_c,dewpoint_temperature_0_1_c,sunshine_duration_0_1_h,global_radiation_j_cm2,precipitation_duration_0_1_h,precipitation_amount_0_1_mm,sea_level_pressure_0_1_hpa,visibility_code,cloud_cover_octants,relative_humidity_pct,present_weather_code,weather_station_type,fog_indicator,rain_indicator,snow_indicator,thunder_indicator,ice_indicator
OBS_EVT_TOL_1998_OCT_0001,EVT_TOL_1998_OCT,273,19981024,1,1998-10-24T00:00:00Z,1998-10-24T01:00:00Z,210,30,30,40,94,,92,0,0,0,0,,65,,99,,,,,,,
OBS_EVT_TOL_1998_OCT_0002,EVT_TOL_1998_OCT,273,19981024,2,1998-10-24T01:00:00Z,1998-10-24T02:00:00Z,220,30,30,50,96,,94,0,0,0,0,,62,,99,,,,,,,
OBS_EVT_TOL_1998_OCT_0003,EVT_TOL_1998_OCT,273,19981024,3,1998-10-24T02:00:00Z,1998-10-24T03:00:00Z,210,30,30,50,85,,83,0,0,0,0,,50,,99,,,,,,,
OBS_EVT_TOL_1998_OCT_0004,EVT_TOL_1998_OCT,273,19981024,4,1998-10-24T03:00:00Z,1998-10-24T04:00:00Z,220,20,20,40,77,,75,0,0,0,0,,22,,99,,,,,,,
OBS_EVT_TOL_1998_OCT_0005,EVT_TOL_1998_OCT,273,19981024,5,1998-10-24T04:00:00Z,1998-10-24T05:00:00Z,210,20,30,40,96,,95,0,0,0,0,,39,,99,,,,,,,
OBS_EVT_TOL_1998_OCT_0006,EVT_TOL_1998_OCT,273,19981024,6,1998-10-24T05:00:00Z,1998-10-24T06:00:00Z,220,20,20,40,96,63,96,0,0,0,0,,28,,100,,,,,,,
OBS_EVT_TOL_1998_OCT_0007,EVT_TOL_1998_OCT,273,19981024,7,1998-10-24T06:00:00Z,1998-10-24T07:00:00Z,250,10,10,30,96,,96,0,3,0,0,,19,,100,,,,,,,
OBS_EVT_TOL_1998_OCT_0008,EVT_TOL_1998_OCT,273,19981024,8,1998-10-24T07:00:00Z,1998-10-24T08:00:00Z,240,20,20,40,102,,102,0,15,0,0,,3,,100,,,,,,,
OBS_EVT_TOL_1998_OCT_0009,EVT_TOL_1998_OCT,273,19981024,9,1998-10-24T08:00:00Z,1998-10-24T09:00:00Z,220,20,20,50,111,,111,0,41,0,0,,62,,100,,,,,,,
OBS_EVT_TOL_1998_OCT_0010,EVT_TOL_1998_OCT,273,19981024,10,1998-10-24T09:00:00Z,1998-10-24T10:00:00Z,200,40,50,70,119,,117,3,66,0,0,,61,,99,,,,,,,
OBS_EVT_TOL_1998_OCT_0011,EVT_TOL_1998_OCT,273,19981024,11,1998-10-24T10:00:00Z,1998-10-24T11:00:00Z,190,50,70,90,120,,111,0,63,0,0,,58,,94,,,,,,,
OBS_EVT_TOL_1998_OCT_0012,EVT_TOL_1998_OCT,273,19981024,12,1998-10-24T11:00:00Z,1998-10-24T12:00:00Z,190,70,70,110,119,79,105,1,47,0,0,,58,,91,,,,,,,
OBS_EVT_TOL_1998_OCT_0013,EVT_TOL_1998_OCT,273,19981024,13,1998-10-24T12:00:00Z,1998-10-24T13:00:00Z,190,80,80,140,115,,92,0,35,0,0,,58,,86,,,,,,,
OBS_EVT_TOL_1998_OCT_0014,EVT_TOL_1998_OCT,273,19981024,14,1998-10-24T13:00:00Z,1998-10-24T14:00:00Z,180,90,80,150,111,,85,0,32,0,0,,58,,84,,,,,,,
OBS_EVT_TOL_1998_OCT_0015,EVT_TOL_1998_OCT,273,19981024,15,1998-10-24T14:00:00Z,1998-10-24T15:00:00Z,170,90,90,150,111,,83,0,18,0,0,,71,,83,,,,,,,
OBS_EVT_TOL_1998_OCT_0016,EVT_TOL_1998_OCT,273,19981024,16,1998-10-24T15:00:00Z,1998-10-24T16:00:00Z,170,100,110,160,101,,85,0,1,8,15,,56,,90,,,,,,,
OBS_EVT_TOL_1998_OCT_0017,EVT_TOL_1998_OCT,273,19981024,17,1998-10-24T16:00:00Z,1998-10-24T17:00:00Z,170,120,120,190,94,,83,0,0,10,22,,40,,93,,,,,,,
OBS_EVT_TOL_1998_OCT_0018,EVT_TOL_1998_OCT,273,19981024,18,1998-10-24T17:00:00Z,1998-10-24T18:00:00Z,170,130,130,210,94,87,86,0,0,10,24,,57,,95,,,,,,,
OBS_EVT_TOL_1998_OCT_0019,EVT_TOL_1998_OCT,273,19981024,19,1998-10-24T18:00:00Z,1998-10-24T19:00:00Z,170,120,110,190,97,,91,0,0,10,15,,60,,96,,,,,,,
OBS_EVT_TOL_1998_OCT_0020,EVT_TOL_1998_OCT,273,19981024,20,1998-10-24T19:00:00Z,1998-10-24T20:00:00Z,190,110,110,180,109,,104,0,0,10,19,,56,,97,,,,,,,
OBS_EVT_TOL_1998_OCT_0021,EVT_TOL_1998_OCT,273,19981024,21,1998-10-24T20:00:00Z,1998-10-24T21:00:00Z,200,120,90,180,120,,114,0,0,10,30,,24,,96,,,,,,,
OBS_EVT_TOL_1998_OCT_0022,EVT_TOL_1998_OCT,273,19981024,22,1998-10-24T21:00:00Z,1998-10-24T22:00:00Z,230,90,70,180,119,,109,0,0,7,11,,83,,94,,,,,,,
OBS_EVT_TOL_1998_OCT_0023,EVT_TOL_1998_OCT,273,19981024,23,1998-10-24T22:00:00Z,1998-10-24T23:00:00Z,220,70,70,120,117,,104,0,0,0,0,,73,,92,,,,,,,
OBS_EVT_TOL_1998_OCT_0024,EVT_TOL_1998_OCT,273,19981024,24,1998-10-24T23:00:00Z,1998-10-25T00:00:00Z,210,80,100,150,118,89,107,0,0,4,4,,58,,92,,,,,,,
OBS_EVT_TOL_1998_OCT_0025,EVT_TOL_1998_OCT,273,19981025,1,1998-10-25T00:00:00Z,1998-10-25T01:00:00Z,210,120,110,210,97,,86,0,0,8,23,,70,,93,,,,,,,
OBS_EVT_TOL_1998_OCT_0026,EVT_TOL_1998_OCT,273,19981025,2,1998-10-25T01:00:00Z,1998-10-25T02:00:00Z,230,90,100,160,114,,101,0,0,6,4,,61,,92,,,,,,,
OBS_EVT_TOL_1998_OCT_0027,EVT_TOL_1998_OCT,273,19981025,3,1998-10-25T02:00:00Z,1998-10-25T03:00:00Z,230,90,90,160,109,,100,0,0,9,7,,56,,94,,,,,,,
OBS_EVT_TOL_1998_OCT_0028,EVT_TOL_1998_OCT,273,19981025,4,1998-10-25T03:00:00Z,1998-10-25T04:00:00Z,250,90,90,150,115,,106,0,0,10,21,,62,,94,,,,,,,
OBS_EVT_TOL_1998_OCT_0029,EVT_TOL_1998_OCT,273,19981025,5,1998-10-25T04:00:00Z,1998-10-25T05:00:00Z,250,110,110,190,113,,105,0,0,7,23,,58,,95,,,,,,,
OBS_EVT_TOL_1998_OCT_0030,EVT_TOL_1998_OCT,273,19981025,6,1998-10-25T05:00:00Z,1998-10-25T06:00:00Z,260,130,130,200,110,91,95,0,0,4,8,,62,,90,,,,,,,
OBS_EVT_TOL_1998_OCT_0031,EVT_TOL_1998_OCT,273,19981025,7,1998-10-25T06:00:00Z,1998-10-25T07:00:00Z,270,110,100,180,106,,90,0,0,6,3,,65,,90,,,,,,,
OBS_EVT_TOL_1998_OCT_0032,EVT_TOL_1998_OCT,273,19981025,8,1998-10-25T07:00:00Z,1998-10-25T08:00:00Z,280,100,100,170,106,,88,0,12,6,2,,65,,89,,,,,,,
OBS_EVT_TOL_1998_OCT_0033,EVT_TOL_1998_OCT,273,19981025,9,1998-10-25T08:00:00Z,1998-10-25T09:00:00Z,270,110,100,200,104,,88,0,17,7,14,,60,,90,,,,,,,
OBS_EVT_TOL_1998_OCT_0034,EVT_TOL_1998_OCT,273,19981025,10,1998-10-25T09:00:00Z,1998-10-25T10:00:00Z,270,110,120,190,107,,84,1,30,7,9,,62,,86,,,,,,,
OBS_EVT_TOL_1998_OCT_0035,EVT_TOL_1998_OCT,273,19981025,11,1998-10-25T10:00:00Z,1998-10-25T11:00:00Z,270,120,140,200,108,,80,4,55,3,2,,61,,83,,,,,,,
OBS_EVT_TOL_1998_OCT_0036,EVT_TOL_1998_OCT,273,19981025,12,1998-10-25T11:00:00Z,1998-10-25T12:00:00Z,270,120,130,210,115,92,79,6,100,4,4,,77,,79,,,,,,,
OBS_EVT_TOL_1998_OCT_0037,EVT_TOL_1998_OCT,273,19981025,13,1998-10-25T12:00:00Z,1998-10-25T13:00:00Z,270,100,110,180,112,,76,0,56,0,0,,71,,78,,,,,,,
OBS_EVT_TOL_1998_OCT_0038,EVT_TOL_1998_OCT,273,19981025,14,1998-10-25T13:00:00Z,1998-10-25T14:00:00Z,260,110,100,190,102,,72,3,43,0,-1,,68,,82,,,,,,,
OBS_EVT_TOL_1998_OCT_0039,EVT_TOL_1998_OCT,273,19981025,15,1998-10-25T14:00:00Z,1998-10-25T15:00:00Z,270,90,90,170,102,,70,0,38,3,1,,70,,81,,,,,,,
OBS_EVT_TOL_1998_OCT_0040,EVT_TOL_1998_OCT,273,19981025,16,1998-10-25T15:00:00Z,1998-10-25T16:00:00Z,280,80,80,140,105,,71,7,18,0,0,,68,,79,,,,,,,
OBS_EVT_TOL_1998_OCT_0041,EVT_TOL_1998_OCT,273,19981025,17,1998-10-25T16:00:00Z,1998-10-25T17:00:00Z,260,80,70,140,94,,62,0,1,0,0,,74,,80,,,,,,,
OBS_EVT_TOL_1998_OCT_0042,EVT_TOL_1998_OCT,273,19981025,18,1998-10-25T17:00:00Z,1998-10-25T18:00:00Z,270,60,70,110,97,85,59,0,0,0,-1,,74,,77,,,,,,,
OBS_EVT_TOL_1998_OCT_0043,EVT_TOL_1998_OCT,273,19981025,19,1998-10-25T18:00:00Z,1998-10-25T19:00:00Z,270,60,60,110,95,,57,0,0,0,0,,75,,77,,,,,,,
OBS_EVT_TOL_1998_OCT_0044,EVT_TOL_1998_OCT,273,19981025,20,1998-10-25T19:00:00Z,1998-10-25T20:00:00Z,280,70,80,140,93,,53,0,0,0,0,,81,,76,,,,,,,
OBS_EVT_TOL_1998_OCT_0045,EVT_TOL_1998_OCT,273,19981025,21,1998-10-25T20:00:00Z,1998-10-25T21:00:00Z,270,70,60,140,90,,56,0,0,1,1,,80,,79,,,,,,,
OBS_EVT_TOL_1998_OCT_0046,EVT_TOL_1998_OCT,273,19981025,22,1998-10-25T21:00:00Z,1998-10-25T22:00:00Z,280,60,50,130,80,,55,0,0,3,5,,72,,84,,,,,,,
OBS_EVT_TOL_1998_OCT_0047,EVT_TOL_1998_OCT,273,19981025,23,1998-10-25T22:00:00Z,1998-10-25T23:00:00Z,270,70,60,130,86,,56,0,0,0,-1,,80,,81,,,,,,,
OBS_EVT_TOL_1998_OCT_0048,EVT_TOL_1998_OCT,273,19981025,24,1998-10-25T23:00:00Z,1998-10-26T00:00:00Z,270,70,80,130,83,72,55,0,0,2,1,,80,,82,,,,,,,
OBS_EVT_TOL_1998_OCT_0049,EVT_TOL_1998_OCT,273,19981026,1,1998-10-26T00:00:00Z,1998-10-26T01:00:00Z,260,70,70,110,81,,50,0,0,0,0,,80,,81,,,,,,,
OBS_EVT_TOL_1998_OCT_0050,EVT_TOL_1998_OCT,273,19981026,2,1998-10-26T01:00:00Z,1998-10-26T02:00:00Z,260,70,70,120,81,,44,0,0,0,0,,80,,77,,,,,,,
OBS_EVT_TOL_1998_OCT_0051,EVT_TOL_1998_OCT,273,19981026,3,1998-10-26T02:00:00Z,1998-10-26T03:00:00Z,270,60,60,110,81,,40,0,0,0,0,,80,,75,,,,,,,
OBS_EVT_TOL_1998_OCT_0052,EVT_TOL_1998_OCT,273,19981026,4,1998-10-26T03:00:00Z,1998-10-26T04:00:00Z,270,50,60,120,79,,42,0,0,0,0,,80,,77,,,,,,,
OBS_EVT_TOL_1998_OCT_0053,EVT_TOL_1998_OCT,273,19981026,5,1998-10-26T04:00:00Z,1998-10-26T05:00:00Z,260,60,60,130,76,,41,0,0,0,0,,81,,78,,,,,,,
OBS_EVT_TOL_1998_OCT_0054,EVT_TOL_1998_OCT,273,19981026,6,1998-10-26T05:00:00Z,1998-10-26T06:00:00Z,260,60,40,110,69,59,50,0,0,3,4,,74,,88,,,,,,,
OBS_EVT_TOL_1998_OCT_0055,EVT_TOL_1998_OCT,273,19981026,7,1998-10-26T06:00:00Z,1998-10-26T07:00:00Z,260,50,70,90,78,,54,2,6,0,0,,82,,85,,,,,,,
OBS_EVT_TOL_1998_OCT_0056,EVT_TOL_1998_OCT,273,19981026,8,1998-10-26T07:00:00Z,1998-10-26T08:00:00Z,220,40,20,100,74,,56,3,20,2,2,,82,,88,,,,,,,
OBS_EVT_TOL_1998_OCT_0057,EVT_TOL_1998_OCT,273,19981026,9,1998-10-26T08:00:00Z,1998-10-26T09:00:00Z,260,50,60,120,76,,45,2,29,3,3,,84,,81,,,,,,,
OBS_EVT_TOL_1998_OCT_0058,EVT_TOL_1998_OCT,273,19981026,10,1998-10-26T09:00:00Z,1998-10-26T10:00:00Z,240,30,30,70,83,,62,0,32,0,0,,82,,87,,,,,,,
OBS_EVT_TOL_1998_OCT_0059,EVT_TOL_1998_OCT,273,19981026,11,1998-10-26T10:00:00Z,1998-10-26T11:00:00Z,210,50,50,90,79,,67,0,16,3,1,,75,,92,,,,,,,
OBS_EVT_TOL_1998_OCT_0060,EVT_TOL_1998_OCT,273,19981026,12,1998-10-26T11:00:00Z,1998-10-26T12:00:00Z,220,60,60,100,82,54,70,2,53,1,2,,72,,92,,,,,,,
OBS_EVT_TOL_1998_OCT_0061,EVT_TOL_1998_OCT,273,19981026,13,1998-10-26T12:00:00Z,1998-10-26T13:00:00Z,220,40,30,80,76,,69,0,17,9,33,,84,,95,,,,,,,
OBS_EVT_TOL_1998_OCT_0062,EVT_TOL_1998_OCT,273,19981026,14,1998-10-26T13:00:00Z,1998-10-26T14:00:00Z,270,40,40,100,70,,60,1,26,5,31,,80,,93,,,,,,,
OBS_EVT_TOL_1998_OCT_0063,EVT_TOL_1998_OCT,273,19981026,15,1998-10-26T14:00:00Z,1998-10-26T15:00:00Z,260,30,30,60,83,,72,3,32,3,1,,84,,93,,,,,,,
OBS_EVT_TOL_1998_OCT_0064,EVT_TOL_1998_OCT,273,19981026,16,1998-10-26T15:00:00Z,1998-10-26T16:00:00Z,290,40,60,120,74,,57,3,18,4,8,,50,,89,,,,,,,
OBS_EVT_TOL_1998_OCT_0065,EVT_TOL_1998_OCT,273,19981026,17,1998-10-26T16:00:00Z,1998-10-26T17:00:00Z,290,40,40,80,73,,52,0,1,7,6,,81,,86,,,,,,,
OBS_EVT_TOL_1998_OCT_0066,EVT_TOL_1998_OCT,273,19981026,18,1998-10-26T17:00:00Z,1998-10-26T18:00:00Z,280,30,20,50,62,43,50,0,0,0,0,,80,,92,,,,,,,
OBS_EVT_TOL_1998_OCT_0067,EVT_TOL_1998_OCT,273,19981026,19,1998-10-26T18:00:00Z,1998-10-26T19:00:00Z,320,20,20,40,62,,51,0,0,0,0,,82,,93,,,,,,,
OBS_EVT_TOL_1998_OCT_0068,EVT_TOL_1998_OCT,273,19981026,20,1998-10-26T19:00:00Z,1998-10-26T20:00:00Z,270,30,30,50,69,,47,0,0,0,0,,80,,86,,,,,,,
OBS_EVT_TOL_1998_OCT_0069,EVT_TOL_1998_OCT,273,19981026,21,1998-10-26T20:00:00Z,1998-10-26T21:00:00Z,250,30,30,50,58,,44,0,0,0,0,,81,,91,,,,,,,
OBS_EVT_TOL_1998_OCT_0070,EVT_TOL_1998_OCT,273,19981026,22,1998-10-26T21:00:00Z,1998-10-26T22:00:00Z,260,30,30,60,67,,50,0,0,0,0,,74,,89,,,,,,,
OBS_EVT_TOL_1998_OCT_0071,EVT_TOL_1998_OCT,273,19981026,23,1998-10-26T22:00:00Z,1998-10-26T23:00:00Z,240,30,30,50,64,,47,0,0,0,-1,,82,,89,,,,,,,
OBS_EVT_TOL_1998_OCT_0072,EVT_TOL_1998_OCT,273,19981026,24,1998-10-26T23:00:00Z,1998-10-27T00:00:00Z,210,30,40,50,51,44,40,0,0,0,0,,81,,90,,,,,,,
OBS_EVT_TOL_1998_OCT_0073,EVT_TOL_1998_OCT,273,19981027,1,1998-10-27T00:00:00Z,1998-10-27T01:00:00Z,220,50,40,120,67,,58,0,0,2,1,,80,,94,,,,,,,
OBS_EVT_TOL_1998_OCT_0074,EVT_TOL_1998_OCT,273,19981027,2,1998-10-27T01:00:00Z,1998-10-27T02:00:00Z,220,40,50,80,64,,55,0,0,0,0,,84,,94,,,,,,,
OBS_EVT_TOL_1998_OCT_0075,EVT_TOL_1998_OCT,273,19981027,3,1998-10-27T02:00:00Z,1998-10-27T03:00:00Z,200,50,40,80,59,,51,0,0,0,0,,71,,95,,,,,,,
OBS_EVT_TOL_1998_OCT_0076,EVT_TOL_1998_OCT,273,19981027,4,1998-10-27T03:00:00Z,1998-10-27T04:00:00Z,200,50,60,70,60,,52,0,0,0,0,,68,,95,,,,,,,
OBS_EVT_TOL_1998_OCT_0077,EVT_TOL_1998_OCT,273,19981027,5,1998-10-27T04:00:00Z,1998-10-27T05:00:00Z,190,50,50,90,67,,58,0,0,0,0,,68,,94,,,,,,,
OBS_EVT_TOL_1998_OCT_0078,EVT_TOL_1998_OCT,273,19981027,6,1998-10-27T05:00:00Z,1998-10-27T06:00:00Z,200,70,80,130,70,42,59,0,0,5,3,,59,,93,,,,,,,
OBS_EVT_TOL_1998_OCT_0079,EVT_TOL_1998_OCT,273,19981027,7,1998-10-27T06:00:00Z,1998-10-27T07:00:00Z,190,80,90,130,69,,63,0,0,10,12,,50,,96,,,,,,,
OBS_EVT_TOL_1998_OCT_0080,EVT_TOL_1998_OCT,273,19981027,8,1998-10-27T07:00:00Z,1998-10-27T08:00:00Z,210,90,90,150,81,,77,0,2,6,1,,58,,97,,,,,,,
OBS_EVT_TOL_1998_OCT_0081,EVT_TOL_1998_OCT,273,19981027,9,1998-10-27T08:00:00Z,1998-10-27T09:00:00Z,220,100,90,150,97,,93,0,9,9,2,,56,,97,,,,,,,
OBS_EVT_TOL_1998_OCT_0082,EVT_TOL_1998_OCT,273,19981027,10,1998-10-27T09:00:00Z,1998-10-27T10:00:00Z,230,80,80,140,117,,112,0,25,0,-1,,60,,97,,,,,,,
OBS_EVT_TOL_1998_OCT_0083,EVT_TOL_1998_OCT,273,19981027,11,1998-10-27T10:00:00Z,1998-10-27T11:00:00Z,240,90,100,160,128,,112,0,29,7,4,,60,,90,,,,,,,
OBS_EVT_TOL_1998_OCT_0084,EVT_TOL_1998_OCT,273,19981027,12,1998-10-27T11:00:00Z,1998-10-27T12:00:00Z,240,100,100,180,129,66,113,0,15,6,4,,61,,90,,,,,,,
OBS_EVT_TOL_1998_OCT_0085,EVT_TOL_1998_OCT,273,19981027,13,1998-10-27T12:00:00Z,1998-10-27T13:00:00Z,230,110,110,220,131,,111,0,15,3,2,,56,,88,,,,,,,
OBS_EVT_TOL_1998_OCT_0086,EVT_TOL_1998_OCT,273,19981027,14,1998-10-27T13:00:00Z,1998-10-27T14:00:00Z,230,120,120,190,131,,115,0,6,9,12,,60,,90,,,,,,,
OBS_EVT_TOL_1998_OCT_0087,EVT_TOL_1998_OCT,273,19981027,15,1998-10-27T14:00:00Z,1998-10-27T15:00:00Z,230,100,100,190,124,,115,0,2,9,11,,30,,94,,,,,,,
OBS_EVT_TOL_1998_OCT_0088,EVT_TOL_1998_OCT,273,19981027,16,1998-10-27T15:00:00Z,1998-10-27T16:00:00Z,220,110,110,180,124,,118,0,1,10,19,,62,,96,,,,,,,
OBS_EVT_TOL_1998_OCT_0089,EVT_TOL_1998_OCT,273,19981027,17,1998-10-27T16:00:00Z,1998-10-27T17:00:00Z,230,110,120,190,132,,125,0,0,10,17,,58,,96,,,,,,,
OBS_EVT_TOL_1998_OCT_0090,EVT_TOL_1998_OCT,273,19981027,18,1998-10-27T17:00:00Z,1998-10-27T18:00:00Z,230,110,110,200,132,121,127,0,0,10,26,,50,,97,,,,,,,
OBS_EVT_TOL_1998_OCT_0091,EVT_TOL_1998_OCT,273,19981027,19,1998-10-27T18:00:00Z,1998-10-27T19:00:00Z,240,100,100,200,135,,131,0,0,10,80,,39,,97,,,,,,,
OBS_EVT_TOL_1998_OCT_0092,EVT_TOL_1998_OCT,273,19981027,20,1998-10-27T19:00:00Z,1998-10-27T20:00:00Z,240,110,110,200,139,,129,0,0,10,25,,48,,94,,,,,,,
OBS_EVT_TOL_1998_OCT_0093,EVT_TOL_1998_OCT,273,19981027,21,1998-10-27T20:00:00Z,1998-10-27T21:00:00Z,270,90,50,200,103,,100,0,0,10,100,,60,,98,,,,,,,
OBS_EVT_TOL_1998_OCT_0094,EVT_TOL_1998_OCT,273,19981027,22,1998-10-27T21:00:00Z,1998-10-27T22:00:00Z,270,60,60,90,101,,98,0,0,10,39,,59,,98,,,,,,,
OBS_EVT_TOL_1998_OCT_0095,EVT_TOL_1998_OCT,273,19981027,23,1998-10-27T22:00:00Z,1998-10-27T23:00:00Z,240,40,30,70,100,,98,0,0,10,24,,48,,99,,,,,,,
OBS_EVT_TOL_1998_OCT_0096,EVT_TOL_1998_OCT,273,19981027,24,1998-10-27T23:00:00Z,1998-10-28T00:00:00Z,240,30,30,60,100,97,98,0,0,10,54,,19,,99,,,,,,,
OBS_EVT_TOL_1998_OCT_0097,EVT_TOL_1998_OCT,273,19981028,1,1998-10-28T00:00:00Z,1998-10-28T01:00:00Z,250,30,30,70,101,,101,0,0,10,101,,32,,100,,,,,,,
OBS_EVT_TOL_1998_OCT_0098,EVT_TOL_1998_OCT,273,19981028,2,1998-10-28T01:00:00Z,1998-10-28T02:00:00Z,260,30,50,110,117,,117,0,0,10,121,,21,,100,,,,,,,
OBS_EVT_TOL_1998_OCT_0099,EVT_TOL_1998_OCT,273,19981028,3,1998-10-28T02:00:00Z,1998-10-28T03:00:00Z,260,110,100,210,121,,121,0,0,10,165,,17,,100,,,,,,,
OBS_EVT_TOL_1998_OCT_0100,EVT_TOL_1998_OCT,273,19981028,4,1998-10-28T03:00:00Z,1998-10-28T04:00:00Z,250,110,130,210,140,,133,0,0,10,30,,64,,96,,,,,,,
OBS_EVT_TOL_1998_OCT_0101,EVT_TOL_1998_OCT,273,19981028,5,1998-10-28T04:00:00Z,1998-10-28T05:00:00Z,270,130,110,210,121,,108,0,0,10,25,,62,,92,,,,,,,
OBS_EVT_TOL_1998_OCT_0102,EVT_TOL_1998_OCT,273,19981028,6,1998-10-28T05:00:00Z,1998-10-28T06:00:00Z,260,100,90,140,122,97,111,0,0,6,10,,62,,93,,,,,,,
OBS_EVT_TOL_1998_OCT_0103,EVT_TOL_1998_OCT,273,19981028,7,1998-10-28T06:00:00Z,1998-10-28T07:00:00Z,270,80,90,150,123,,97,0,1,3,2,,75,,84,,,,,,,
OBS_EVT_TOL_1998_OCT_0104,EVT_TOL_1998_OCT,273,19981028,8,1998-10-28T07:00:00Z,1998-10-28T08:00:00Z,260,90,110,200,116,,95,0,6,3,1,,61,,87,,,,,,,
OBS_EVT_TOL_1998_OCT_0105,EVT_TOL_1998_OCT,273,19981028,9,1998-10-28T08:00:00Z,1998-10-28T09:00:00Z,290,110,110,200,103,,84,0,18,7,5,,57,,88,,,,,,,
OBS_EVT_TOL_1998_OCT_0106,EVT_TOL_1998_OCT,273,19981028,10,1998-10-28T09:00:00Z,1998-10-28T10:00:00Z,270,100,100,170,114,,84,3,29,2,1,,73,,82,,,,,,,
OBS_EVT_TOL_1998_OCT_0107,EVT_TOL_1998_OCT,273,19981028,11,1998-10-28T10:00:00Z,1998-10-28T11:00:00Z,270,110,100,180,124,,75,6,94,0,0,,78,,72,,,,,,,
OBS_EVT_TOL_1998_OCT_0108,EVT_TOL_1998_OCT,273,19981028,12,1998-10-28T11:00:00Z,1998-10-28T12:00:00Z,280,120,110,230,121,96,63,7,126,0,0,,81,,68,,,,,,,
OBS_EVT_TOL_1998_OCT_0109,EVT_TOL_1998_OCT,273,19981028,13,1998-10-28T12:00:00Z,1998-10-28T13:00:00Z,270,110,100,200,115,,55,3,58,0,0,,81,,67,,,,,,,
OBS_EVT_TOL_1998_OCT_0110,EVT_TOL_1998_OCT,273,19981028,14,1998-10-28T13:00:00Z,1998-10-28T14:00:00Z,270,100,90,170,112,,57,0,44,0,0,,77,,69,,,,,,,
OBS_EVT_TOL_1998_OCT_0111,EVT_TOL_1998_OCT,273,19981028,15,1998-10-28T14:00:00Z,1998-10-28T15:00:00Z,260,90,90,160,111,,60,3,42,0,0,,79,,71,,,,,,,
OBS_EVT_TOL_1998_OCT_0112,EVT_TOL_1998_OCT,273,19981028,16,1998-10-28T15:00:00Z,1998-10-28T16:00:00Z,260,90,90,140,109,,57,2,18,0,-1,,71,,70,,,,,,,
OBS_EVT_TOL_1998_OCT_0113,EVT_TOL_1998_OCT,273,19981028,17,1998-10-28T16:00:00Z,1998-10-28T17:00:00Z,270,90,100,160,108,,55,0,0,0,-1,,70,,70,,,,,,,
OBS_EVT_TOL_1998_OCT_0114,EVT_TOL_1998_OCT,273,19981028,18,1998-10-28T17:00:00Z,1998-10-28T18:00:00Z,260,100,110,170,101,92,55,0,0,2,2,,78,,73,,,,,,,
OBS_EVT_TOL_1998_OCT_0115,EVT_TOL_1998_OCT,273,19981028,19,1998-10-28T18:00:00Z,1998-10-28T19:00:00Z,260,100,100,160,107,,58,0,0,0,-1,,72,,72,,,,,,,
OBS_EVT_TOL_1998_OCT_0116,EVT_TOL_1998_OCT,273,19981028,20,1998-10-28T19:00:00Z,1998-10-28T20:00:00Z,260,110,120,170,106,,59,0,0,0,0,,70,,73,,,,,,,
OBS_EVT_TOL_1998_OCT_0117,EVT_TOL_1998_OCT,273,19981028,21,1998-10-28T20:00:00Z,1998-10-28T21:00:00Z,260,120,110,180,110,,58,0,0,0,-1,,68,,70,,,,,,,
OBS_EVT_TOL_1998_OCT_0118,EVT_TOL_1998_OCT,273,19981028,22,1998-10-28T21:00:00Z,1998-10-28T22:00:00Z,260,120,140,200,111,,60,0,0,0,0,,67,,71,,,,,,,
OBS_EVT_TOL_1998_OCT_0119,EVT_TOL_1998_OCT,273,19981028,23,1998-10-28T22:00:00Z,1998-10-28T23:00:00Z,260,130,120,200,110,,61,0,0,0,-1,,66,,72,,,,,,,
OBS_EVT_TOL_1998_OCT_0120,EVT_TOL_1998_OCT,273,19981028,24,1998-10-28T23:00:00Z,1998-10-29T00:00:00Z,270,110,100,210,108,95,62,0,0,2,1,,66,,74,,,,,,,
OBS_EVT_TOL_1998_OCT_0121,EVT_TOL_1998_OCT,273,19981029,1,1998-10-29T00:00:00Z,1998-10-29T01:00:00Z,280,90,80,150,102,,64,0,0,2,2,,64,,77,,,,,,,
OBS_EVT_TOL_1998_OCT_0122,EVT_TOL_1998_OCT,273,19981029,2,1998-10-29T01:00:00Z,1998-10-29T02:00:00Z,260,80,80,140,99,,69,0,0,0,-1,,72,,82,,,,,,,
OBS_EVT_TOL_1998_OCT_0123,EVT_TOL_1998_OCT,273,19981029,3,1998-10-29T02:00:00Z,1998-10-29T03:00:00Z,270,80,70,140,99,,67,0,0,0,-1,,70,,80,,,,,,,
OBS_EVT_TOL_1998_OCT_0124,EVT_TOL_1998_OCT,273,19981029,4,1998-10-29T03:00:00Z,1998-10-29T04:00:00Z,270,60,60,110,95,,69,0,0,0,-1,,69,,84,,,,,,,
OBS_EVT_TOL_1998_OCT_0125,EVT_TOL_1998_OCT,273,19981029,5,1998-10-29T04:00:00Z,1998-10-29T05:00:00Z,270,70,70,120,95,,64,0,0,0,-1,,76,,81,,,,,,,
OBS_EVT_TOL_1998_OCT_0126,EVT_TOL_1998_OCT,273,19981029,6,1998-10-29T05:00:00Z,1998-10-29T06:00:00Z,270,70,60,110,88,79,63,0,0,2,4,,82,,84,,,,,,,
OBS_EVT_TOL_1998_OCT_0127,EVT_TOL_1998_OCT,273,19981029,7,1998-10-29T06:00:00Z,1998-10-29T07:00:00Z,280,70,80,120,90,,55,2,1,0,-1,,80,,79,,,,,,,
OBS_EVT_TOL_1998_OCT_0128,EVT_TOL_1998_OCT,273,19981029,8,1998-10-29T07:00:00Z,1998-10-29T08:00:00Z,280,70,80,130,97,,58,10,27,0,0,,71,,77,,,,,,,
OBS_EVT_TOL_1998_OCT_0129,EVT_TOL_1998_OCT,273,19981029,9,1998-10-29T08:00:00Z,1998-10-29T09:00:00Z,270,80,100,140,103,,59,5,62,0,0,,79,,74,,,,,,,
OBS_EVT_TOL_1998_OCT_0130,EVT_TOL_1998_OCT,273,19981029,10,1998-10-29T09:00:00Z,1998-10-29T10:00:00Z,260,100,100,150,102,,62,9,82,0,0,,80,,76,,,,,,,
OBS_EVT_TOL_1998_OCT_0131,EVT_TOL_1998_OCT,273,19981029,11,1998-10-29T10:00:00Z,1998-10-29T11:00:00Z,270,100,90,150,104,,57,8,97,0,0,,83,,73,,,,,,,
OBS_EVT_TOL_1998_OCT_0132,EVT_TOL_1998_OCT,273,19981029,12,1998-10-29T11:00:00Z,1998-10-29T12:00:00Z,280,100,140,220,98,78,58,8,122,1,1,,70,,76,,,,,,,
OBS_EVT_TOL_1998_OCT_0133,EVT_TOL_1998_OCT,273,19981029,13,1998-10-29T12:00:00Z,1998-10-29T13:00:00Z,290,100,100,170,108,,66,9,79,3,1,,81,,75,,,,,,,
OBS_EVT_TOL_1998_OCT_0134,EVT_TOL_1998_OCT,273,19981029,14,1998-10-29T13:00:00Z,1998-10-29T14:00:00Z,280,100,110,160,105,,60,6,76,0,0,,80,,74,,,,,,,
OBS_EVT_TOL_1998_OCT_0135,EVT_TOL_1998_OCT,273,19981029,15,1998-10-29T14:00:00Z,1998-10-29T15:00:00Z,290,100,90,200,98,,62,5,50,0,0,,70,,78,,,,,,,
OBS_EVT_TOL_1998_OCT_0136,EVT_TOL_1998_OCT,273,19981029,16,1998-10-29T15:00:00Z,1998-10-29T16:00:00Z,280,110,110,190,97,,54,2,11,0,0,,75,,75,,,,,,,
OBS_EVT_TOL_1998_OCT_0137,EVT_TOL_1998_OCT,273,19981029,17,1998-10-29T16:00:00Z,1998-10-29T17:00:00Z,290,90,90,160,95,,54,0,0,0,0,,72,,76,,,,,,,
OBS_EVT_TOL_1998_OCT_0138,EVT_TOL_1998_OCT,273,19981029,18,1998-10-29T17:00:00Z,1998-10-29T18:00:00Z,280,80,80,150,92,82,53,0,0,0,0,,73,,77,,,,,,,
OBS_EVT_TOL_1998_OCT_0139,EVT_TOL_1998_OCT,273,19981029,19,1998-10-29T18:00:00Z,1998-10-29T19:00:00Z,280,80,80,150,87,,39,0,0,0,0,,82,,72,,,,,,,
OBS_EVT_TOL_1998_OCT_0140,EVT_TOL_1998_OCT,273,19981029,20,1998-10-29T19:00:00Z,1998-10-29T20:00:00Z,260,90,90,150,82,,48,0,0,0,-1,,80,,79,,,,,,,
OBS_EVT_TOL_1998_OCT_0141,EVT_TOL_1998_OCT,273,19981029,21,1998-10-29T20:00:00Z,1998-10-29T21:00:00Z,270,80,70,180,79,,52,0,0,4,4,,74,,83,,,,,,,
OBS_EVT_TOL_1998_OCT_0142,EVT_TOL_1998_OCT,273,19981029,22,1998-10-29T21:00:00Z,1998-10-29T22:00:00Z,290,90,110,160,68,,45,0,0,3,8,,60,,85,,,,,,,
OBS_EVT_TOL_1998_OCT_0143,EVT_TOL_1998_OCT,273,19981029,23,1998-10-29T22:00:00Z,1998-10-29T23:00:00Z,280,80,60,150,64,,45,0,0,10,11,,77,,88,,,,,,,
OBS_EVT_TOL_1998_OCT_0144,EVT_TOL_1998_OCT,273,19981029,24,1998-10-29T23:00:00Z,1998-10-30T00:00:00Z,270,70,70,120,76,58,47,0,0,4,7,,72,,82,,,,,,,
