evidence_id,source_id,evidence_statement,spatial_scope,time_scope,evidence_value,evidence_unit,provenance_class,intended_use,guardrail,evidence_status
EV_TOL_AREA_2010,SRC_TOLLEBEEK_PEIL2010,"Merged new OT.02 consists of former Rietgors 762 ha, Fuut 367 ha and Kievit 373 ha; total 1502 ha.",Tollebeek OT.02,2010,1502,ha,OFFICIAL_METADATA,"Historical design-area context and component stratification","Do not use 1502 ha as current affected compaction area or assume it is the latest administrative area.",QUALIFIED
EV_TOL_AREA_2016,SRC_TOLLEBEEK_PEIL2016,"Onderbemaling Tollebeek OT.02 is listed at 1497 ha.",Tollebeek OT.02,2016,1497,ha,OFFICIAL_METADATA,"Current administrative system-area benchmark until superseded by reviewed current geometry","Administrative area is not the same as affected area and is not an exact geometry checksum.",QUALIFIED
EV_TOL_TARGET_LEVEL,SRC_TOLLEBEEK_PEIL2016,"OT.02 target surface-water level is NAP -6.20 m.",Tollebeek OT.02,2016,-6.20,m NAP,OFFICIAL_METADATA,"Managed boundary context","Target level is not total dynamic pump head and is not an event initial groundwater condition.",QUALIFIED
EV_IJ_INSTALLED_540,SRC_ZZL_IJSVOGEL,"De IJsvogel has three large screw pumps with combined installed capacity of 540 m3/min.",Tollebeek IJsvogel,current public source,540,m3/min,OFFICIAL_METADATA,"Installed-capacity benchmark for pump asset","Installed capacity is not guaranteed incremental availability and is not total OT.02 effective capacity.",QUALIFIED
EV_IJ_CORROBORATE_9,SRC_FLEV_IJSVOGEL,"Three Archimedes screws have a combined capacity of 9 m3/s.",Tollebeek IJsvogel,current public description,9,m3/s,HISTORICAL_BENCHMARK,"Independent corroboration of the 540 m3/min installed benchmark","Secondary regional source; owner-backed source remains primary.",BENCHMARK_ONLY
EV_KIEVIT_NOMINAL_60,SRC_FLEV_KIEVIT,"De Kievit is described with two electrically driven vertical screw pumps of 30 m3/min each at 1.40 m head.",Tollebeek Kievit,current public description,60,m3/min,HISTORICAL_BENCHMARK,"Nominal physical asset benchmark","Do not equate with verified post-2020 operational Q-H curve or with the 2009 calculated hydraulic capacity.",BENCHMARK_ONLY
EV_KIEVIT_CALC_144,SRC_TOLLEBEEK_PEIL2010,"The Kievit capacity was calculated in 2009 at 1.44 m3/s.",Tollebeek Kievit,2009/2010,1.44,m3/s,OFFICIAL_METADATA,"Historical calculated-capacity context","Keep separate from nominal hardware capacity and current operating capacity.",BENCHMARK_ONLY
EV_KIEVIT_IJ_COUPLED,SRC_FLEV_KIEVIT,"The Kievit and IJsvogel underdrainage areas are coupled and form one peilgebied.",Tollebeek OT.02,current public description,,,OFFICIAL_METADATA,"Water-system topology","Coupling does not imply unconstrained transfer or additive effective capacity.",QUALIFIED
EV_KIEVIT_ASSIST_ROUTE,SRC_FLEV_KIEVIT,"During extreme conditions IJsvogel can discharge part of the water from the Kievit area.",Tollebeek OT.02,current public description,,,OFFICIAL_METADATA,"Directional dispatch semantics","No default assist fraction or conveyance capacity is supported by this source; reverse routing is not established.",QUALIFIED
EV_KIEVIT_RENOVATION_2020,SRC_FLEV_KIEVIT,"The under-pump installation was renovated in summer 2020; pump components, lubrication, check valves and switch cabinet were renewed and the electrical installation allows more efficient operation.",Tollebeek Kievit,2020,2020,year,OFFICIAL_METADATA,"Post-renovation asset-state context","Do not infer a numerical post-renovation efficiency or capacity without acceptance tests or telemetry.",CONTEXT_ONLY
EV_FW50_TILE_RES,SRC_FUTUREWATER50,"Historical NOP SWAP/FutureView setup used 100 d as standard tile-drain resistance.",Noordoostpolder,2006,100,d,HISTORICAL_BENCHMARK,"Historical drainage sensitivity prior","Not a calibrated current OT.02 parameter.",METHOD_PRIOR
EV_FW50_SURF_RES,SRC_FUTUREWATER50,"Historical setup represented surface drainage with about 30 d resistance at groundwater 30 cm below surface and a drainage base 30 cm below surface.",Noordoostpolder,2006,30,d,HISTORICAL_BENCHMARK,"Historical wet-state drainage mechanism prior","Mechanism prior only; do not silently transfer to current OT.02 implementation.",METHOD_PRIOR
EV_PDOK_ROUTE,SRC_PDOK_IMWA,"PDOK IMWA exposes current peilgebied features suitable for discovery of a current OT.02 candidate geometry.",Netherlands / Tollebeek route,2026,,,OFFICIAL_METADATA,"Current geometry acquisition route","Candidate feature identity still requires explicit review against official Tollebeek context before admission.",METHOD_PRIOR
EV_SOILPHYS_ROUTE,SRC_WUR_SOILPHYSICS,"Coordinate queries return derived/modal soil profile attributes including horizons, texture, bulk density and Staring building-block information.",Netherlands / Tollebeek route,2026,,,OFFICIAL_METADATA,"Soil-profile screening route","Derived/modal profile is not a direct measurement and API bulk density is not automatically current compaction state.",METHOD_PRIOR
EV_KELLER_CONDITIONAL_MECH,SRC_KELLER2019,"The review describes reduced gas transport/aeration and water infiltration under compaction and notes that the process most limiting to crop growth depends on soil and weather conditions; impeded root-system expansion due to mechanical resistance is identified as a major productivity mechanism.",International synthesis,2019,,,PEER_REVIEWED_RELATION,"Support state- and context-dependent response theory","Does not define a universal response magnitude for a given bulk density or compaction class.",QUALIFIED
EV_KELLER_REFERENCE_CONTROL,SRC_KELLER2019,"Long-term field experiments commonly compare experimentally compacted plots with plots receiving no additional experimental compaction; those controls can still be normally compacted and the measured penalty therefore represents additional experimental compaction rather than the gap to a never-compacted soil.",International field-experiment synthesis,2019,,,PEER_REVIEWED_RELATION,"Support contextual reference-state semantics","Do not interpret a field-experiment control as a universal uncompacted reference.",QUALIFIED
EV_KELLER_HYDRO_PATHWAY,SRC_KELLER2019,"Compaction-related reductions in vertical infiltration, saturated hydraulic conductivity and subsoil water storage can promote perched water, ponding, lateral flow and surface runoff.",International synthesis,2019,,,PEER_REVIEWED_RELATION,"Support the physical source-response pathway from soil state to runoff","Mechanistic support does not provide a local runoff coefficient or event transfer factor.",QUALIFIED
EV_KELLER_SCALE_GAP,SRC_KELLER2019,"The paper identifies limited knowledge of compaction extent/severity at large scales and the difficulty of attributing off-site costs, and calls for linking profile-scale soil-function knowledge to catchment and regional hydrology.",International synthesis,2019,,,PEER_REVIEWED_RELATION,"Support explicit scale-transfer layer","Does not qualify a direct plot-to-catchment scaling factor.",QUALIFIED
EV_GRAVES_COUNTERFACTUAL,SRC_GRAVES2015,"The economic analysis defines a baseline counterfactual as the soil condition that would prevail in the absence of degradation and sets that counterfactual in the context of each dominant managed soilscape.",England and Wales,2015,,,PEER_REVIEWED_RELATION,"Support contextual counterfactual/reference-state concept","The UK soilscape counterfactual is a conceptual precedent, not a Dutch soil-state parameterization.",QUALIFIED
EV_GRAVES_COST_CATEGORIES,SRC_GRAVES2015,"The framework distinguishes on-site costs, mainly private costs such as farm yield loss, from off-site costs that are mainly external costs borne by third parties; off-site valuation can require both market and non-market values.",England and Wales,2015,,,PEER_REVIEWED_RELATION,"Support separation of private, public/external and societal valuation concepts","Do not copy UK cost shares or unit values into current Dutch calculations.",QUALIFIED
EV_GRAVES_SOILSCAPE,SRC_GRAVES2015,"For national assessment the study classified 40 soilscapes from combinations of ten land-cover classes and four broad soil types, with state factors such as climate and topography modifying degradation likelihood.",England and Wales,2015,40,soilscape classes,PEER_REVIEWED_RELATION,"Support soil × land-use aggregation architecture as a precedent","The specific UK classes and degradation probabilities are not transferable coefficients for the Netherlands.",METHOD_PRIOR
EV_GRAVES_HIGH_LEVEL_LIMIT,SRC_GRAVES2015,"The national soilscape method explicitly did not intend local-scale assessment of degradation probability, intensity gradients or local associated costs.",England and Wales,2015,,,PEER_REVIEWED_RELATION,"Support separation between national exposure aggregation and local process modelling","Do not use high-level soilscape categories as a substitute for event/process modelling where local hydrology is required.",QUALIFIED
EV_GROEN_PROFILE_GEOMETRY,SRC_GROENENDIJK2017,"The report states that thickness of the compacted layer and thickness of the layer above it strongly affect hydrological results and recommends thin discretisation in and around strongly contrasting compacted layers.",Dutch modelling guidance,2017,,,TECHNICAL_REPORT_RELATION,"Support explicit depth/layer geometry in SWAP source-response models","Method guidance is not a numeric hydraulic parameterization for a new location.",METHOD_PRIOR
EV_GROEN_HOURLY_FORCING,SRC_GROENENDIJK2017,"The report recommends hourly precipitation for accurate study of compacted-layer effects, especially for calculation of surface runoff.",Dutch modelling guidance,2017,,,TECHNICAL_REPORT_RELATION,"Support event/sub-daily forcing requirement for runoff qualification","Does not establish that hourly forcing is sufficient for every short-duration event or catchment transfer problem.",METHOD_PRIOR
EV_GROEN_LOCAL_RUNOFF,SRC_GROENENDIJK2017,"In one reported modelling comparison using 2008 hourly rainfall, annual surface runoff was 14 mm for compacted soil and 4 mm without compaction.",Case-specific model study,2008/2017,10,mm/year difference,MODEL_OUTPUT,"Order-of-magnitude/context benchmark demonstrating potentially material hydrological response","Case-specific model result; not a universal compaction-to-runoff coefficient and not directly transferable to Tollebeek.",BENCHMARK_ONLY
EV_GROEN_BOUNDARY_SENSITIVITY,SRC_GROENENDIJK2017,"The report notes that modelled transpiration and groundwater responses depend on soil type, meteorological conditions and the chosen lower boundary; a closed lower boundary retains surplus water differently from free drainage.",Dutch SWAP modelling guidance,2017,,,TECHNICAL_REPORT_RELATION,"Support explicit boundary-condition provenance in current/reference comparisons","Do not compare results from different boundary configurations as if the difference were caused only by compaction.",QUALIFIED
EV_KUHLMAN_EXPLORATORY_COST,SRC_KUHLMAN2010,"The exploratory Dutch study estimated agricultural subsoil-compaction costs ranging from about EUR 80/ha/year for dairy farming on sandy soil to about EUR 300/ha/year for arable farming on light sandy clay and stated that the Dutch extent of the problem had not yet been quantified.",Netherlands agricultural context,2010,80-300,EUR/ha/year,HISTORICAL_BENCHMARK,"Historical Dutch economic context and external benchmark","Historical exploratory estimate; not a current unit cost and not a national damage coefficient.",BENCHMARK_ONLY
EV_KUHLMAN_HYDRO_EXTERNAL,SRC_KUHLMAN2010,"The report describes restricted rooting, infiltration and aeration under subsoil compaction and notes that reduced infiltration can increase surface runoff and nutrient transport to surface water.",Netherlands synthesis,2010,,,TECHNICAL_REPORT_RELATION,"Support Dutch-context hydrological/external-effect pathway","Qualitative synthesis; not a quantified event transfer relation.",CONTEXT_ONLY
EV_ROMERO_MULTI_SERVICE_SCOPE,SRC_ROMERO2026,"The study couples a soil-compaction-agroecosystem model with CMIP6 climate projections to simulate compaction-related changes in crop yield, nitrogen losses, soil carbon stocks and surface runoff across European arable land.",Europe arable land,2026,,,PEER_REVIEWED_RELATION,"Support multi-service/scenario architecture and comparison benchmark","Continental future-climate modelling is not a current Netherlands calibration source.",CONTEXT_ONLY
EV_ROMERO_SCENARIO_SPECIFIC,SRC_ROMERO2026,"Simulations use winter wheat, three compaction levels represented by 4, 6 and 8 Mg wheel loads, five climate models and SSP585 future-climate horizons.",Europe arable land,future climate horizons,,,PEER_REVIEWED_RELATION,"Define transferability limits of Romero-Ruiz model outputs","Do not apply reported European economic or runoff results directly to current Dutch soilscapes or other crops.",QUALIFIED
